iter	Passed	Remaining
0	4228	12680007
1	8584	12868159
2	12778	12765784
3	16926	12678316
4	20973	12562996
5	25243	12596362
6	29139	12459400
7	33141	12395088
8	37135	12341246
9	41112	12292544
10	45314	12313293
11	49567	12342401
12	53828	12368084
13	58027	12376490
14	62114	12360881
15	66244	12354572
16	70453	12362477
17	74559	12352029
18	78810	12364889
19	83201	12396994
20	87277	12380953
21	91295	12358146
22	95526	12364484
23	99524	12341060
24	103720	12342795
25	107824	12333492
26	112079	12341247
27	116307	12345251
28	120511	12346211
29	124805	12355770
30	128880	12343468
31	132926	12328895
32	136951	12313225
33	141110	12309848
34	145196	12300214
35	149421	12302397
36	153497	12292246
37	157551	12280745
38	161838	12287272
39	166141	12294490
40	170273	12288758
41	174434	12285194
42	178560	12279179
43	182658	12271320
44	186852	12269957
45	191249	12281535
46	195710	12296426
47	199898	12293777
48	204110	12292480
49	208244	12286446
50	212342	12278378
51	216498	12273772
52	220733	12273616
53	224894	12269265
54	228874	12255202
55	232923	12245113
56	237082	12240929
57	241107	12229994
58	245265	12225843
59	249245	12213029
60	253355	12206774
61	257593	12206614
62	261985	12213497
63	265928	12199450
64	270325	12206219
65	274999	12224993
66	279561	12238115
67	284092	12249379
68	288171	12241033
69	292207	12230986
70	296217	12220002
71	300253	12210311
72	304265	12199803
73	308325	12191343
74	312204	12175983
75	316203	12165530
76	320293	12158685
77	324605	12160228
78	328862	12159572
79	333374	12168152
80	337319	12156009
81	341284	12144751
82	345233	12133093
83	349276	12124868
84	353583	12125844
85	357670	12119195
86	361558	12105961
87	365678	12100632
88	369800	12095384
89	373806	12086396
90	377712	12074342
91	381729	12065986
92	385780	12058753
93	389882	12053181
94	393983	12047589
95	398100	12042529
96	402166	12035972
97	406245	12029855
98	410112	12017543
99	414290	12014436
100	418353	12007980
101	422308	11998533
102	426476	11995179
103	430493	11987600
104	434454	11978544
105	438402	11969225
106	442469	11963225
107	446431	11954434
108	450464	11947652
109	454442	11939442
110	458486	11933039
111	462585	11928091
112	466566	11920145
113	470611	11913909
114	474677	11908213
115	478783	11903537
116	483004	11901716
117	487072	11896115
118	491088	11889285
119	495161	11883871
120	499253	11878931
121	503260	11871989
122	507244	11864570
123	511265	11858054
124	515250	11850759
125	519327	11845622
126	523362	11839539
127	527421	11834016
128	531387	11826452
129	535446	11821020
130	539625	11818208
131	543717	11813492
132	547737	11807251
133	551790	11801723
134	555997	11799496
135	559890	11790633
136	563960	11785530
137	568003	11779907
138	572048	11774318
139	576158	11770101
140	580179	11764058
141	584304	11760162
142	588342	11754497
143	592287	11747029
144	596323	11741410
145	600380	11736196
146	604530	11732821
147	608468	11725357
148	612439	11718564
149	616440	11712371
150	620415	11705719
151	624411	11699506
152	628415	11693458
153	632397	11687042
154	636473	11682377
155	640619	11678984
156	644631	11673168
157	648732	11668973
158	652744	11663189
159	656668	11655872
160	660719	11650827
161	664746	11645378
162	668650	11637800
163	672650	11631934
164	676669	11626407
165	680657	11620384
166	684812	11617211
167	688827	11611655
168	692842	11606131
169	696826	11600106
170	701005	11597328
171	705188	11594610
172	709197	11589018
173	713106	11581837
174	717037	11575030
175	720978	11568427
176	725040	11563785
177	729132	11559624
178	733190	11554911
179	737177	11549120
180	741179	11543563
181	745177	11537971
182	749142	11531879
183	753175	11526853
184	757149	11520953
185	761263	11517177
186	765290	11512100
187	769241	11505886
188	773153	11499130
189	777116	11493150
190	781133	11487973
191	785162	11483008
192	789298	11479590
193	793343	11474856
194	797357	11469677
195	801459	11465783
196	805460	11460442
197	809505	11455729
198	813530	11450741
199	817530	11445431
200	821663	11441973
201	825634	11436270
202	829662	11431363
203	833729	11427000
204	837855	11423445
205	842065	11421017
206	846098	11416198
207	850199	11412289
208	854262	11407880
209	858367	11404023
210	862439	11399733
211	866452	11394665
212	870432	11389175
213	874600	11386160
214	878760	11383014
215	882686	11376845
216	886631	11370946
217	890655	11366073
218	894736	11361927
219	898792	11357469
220	902825	11352728
221	906740	11346507
222	910834	11342545
223	914986	11339299
224	918916	11333298
225	923042	11329735
226	927181	11326323
227	931078	11319952
228	935111	11315255
229	939202	11311260
230	943204	11306199
231	947212	11301226
232	951260	11296727
233	955285	11291968
234	959280	11286851
235	963442	11283706
236	967411	11278298
237	971504	11274345
238	975645	11270949
239	979666	11266167
240	983664	11261126
241	987836	11258071
242	991796	11252609
243	995777	11247389
244	999776	11242383
245	1003878	11238542
246	1007960	11234469
247	1012029	11230265
248	1016132	11226426
249	1020220	11222423
250	1024164	11216842
251	1028162	11211866
252	1032169	11206992
253	1036292	11203386
254	1040307	11198600
255	1044156	11192054
256	1048186	11187449
257	1052311	11183872
258	1056340	11179268
259	1060431	11175311
260	1064460	11170714
261	1068620	11167490
262	1072693	11163350
263	1076659	11158110
264	1080610	11152713
265	1084641	11148160
266	1088682	11143700
267	1092715	11139171
268	1096723	11134389
269	1100818	11130494
270	1104826	11125727
271	1108952	11122136
272	1112987	11117646
273	1117017	11113105
274	1120962	11107717
275	1124934	11102614
276	1129022	11098654
277	1132987	11093497
278	1136931	11088139
279	1141049	11084479
280	1145074	11079918
281	1149012	11074526
282	1152939	11069032
283	1156494	11059999
284	1159950	11050057
285	1163483	11040888
286	1166970	11031330
287	1170502	11022233
288	1174020	11013040
289	1177613	11004598
290	1181010	10994358
291	1184515	10985161
292	1188009	10975907
293	1191461	10966309
294	1195032	10957842
295	1198532	10948760
296	1202035	10939736
297	1205610	10931406
298	1209148	10922776
299	1212679	10914117
300	1216211	10905494
301	1219737	10896857
302	1223148	10887236
303	1226729	10879155
304	1230173	10869893
305	1233685	10861268
306	1237170	10852444
307	1240761	10844574
308	1244283	10836135
309	1248156	10830774
310	1251922	10824496
311	1255425	10815974
312	1258939	10807575
313	1262635	10800765
314	1266538	10795732
315	1270121	10787994
316	1273712	10780349
317	1277197	10771838
318	1280671	10763262
319	1284256	10755648
320	1287713	10746992
321	1291198	10738602
322	1294789	10731121
323	1298272	10722766
324	1301781	10714659
325	1305314	10706784
326	1308792	10698477
327	1312317	10690586
328	1315826	10682589
329	1319311	10674432
330	1322763	10666027
331	1326252	10657959
332	1329719	10649739
333	1333139	10641165
334	1336738	10634052
335	1340220	10626031
336	1343737	10618319
337	1347254	10610624
338	1350741	10602726
339	1354177	10594446
340	1357573	10585890
341	1361073	10578168
342	1364630	10570909
343	1368079	10562849
344	1371502	10554603
345	1374871	10545982
346	1378343	10538170
347	1381752	10529904
348	1385204	10521999
349	1388794	10515160
350	1392317	10507832
351	1395794	10500181
352	1399353	10493169
353	1402921	10486247
354	1406425	10478859
355	1409821	10470693
356	1413311	10463257
357	1416752	10455478
358	1420242	10448079
359	1423656	10440145
360	1427084	10432342
361	1430570	10424983
362	1434043	10417556
363	1437465	10409780
364	1440906	10402157
365	1444371	10394742
366	1447765	10386833
367	1451244	10379551
368	1454733	10372367
369	1458185	10364943
370	1461623	10357430
371	1465143	10350531
372	1468606	10343240
373	1472077	10336031
374	1475516	10328617
375	1479017	10321655
376	1482436	10314140
377	1485890	10306891
378	1489355	10299736
379	1492858	10292867
380	1496362	10286018
381	1499854	10279104
382	1503329	10272099
383	1506797	10265059
384	1510350	10258614
385	1513851	10251836
386	1517320	10244851
387	1520725	10237461
388	1524152	10230234
389	1527596	10223148
390	1531078	10216324
391	1534506	10209166
392	1538016	10202570
393	1541442	10195432
394	1544901	10188524
395	1548359	10181636
396	1551848	10174963
397	1555325	10168234
398	1558757	10161221
399	1562185	10154205
400	1565659	10147505
401	1569103	10140625
402	1572527	10133629
403	1575951	10126661
404	1579413	10119943
405	1582863	10113173
406	1586335	10106556
407	1589751	10099594
408	1593264	10093269
409	1596750	10086787
410	1600162	10079858
411	1603608	10073154
412	1607107	10066795
413	1610503	10059812
414	1614005	10053503
415	1617508	10047214
416	1620994	10040834
417	1624355	10033697
418	1627770	10026910
419	1631279	10020718
420	1634699	10013991
421	1638133	10007363
422	1641630	10001136
423	1645081	9994644
424	1648493	9987930
425	1651961	9981571
426	1655420	9975166
427	1658953	9969226
428	1662497	9963358
429	1665932	9956851
430	1669509	9951205
431	1673070	9945474
432	1676678	9940034
433	1680223	9934224
434	1683731	9928211
435	1687206	9922014
436	1690715	9916028
437	1694249	9910196
438	1697696	9903874
439	1701183	9897792
440	1704667	9891711
441	1708178	9885793
442	1711755	9880269
443	1715304	9874591
444	1718761	9868397
445	1722276	9862544
446	1725732	9856367
447	1729223	9850398
448	1732762	9844716
449	1736200	9838471
450	1739643	9832265
451	1743131	9826326
452	1746632	9820470
453	1750092	9814395
454	1753591	9808548
455	1757100	9802769
456	1760586	9796871
457	1764045	9790835
458	1767530	9784956
459	1770958	9778772
460	1774427	9772825
461	1777964	9767260
462	1781336	9760799
463	1784860	9755186
464	1788376	9749535
465	1791767	9743213
466	1795204	9737161
467	1798682	9731333
468	1802164	9725538
469	1805570	9719346
470	1809111	9713891
471	1812619	9708268
472	1816121	9702621
473	1819643	9697087
474	1823055	9690978
475	1826611	9685644
476	1830048	9679692
477	1833467	9673650
478	1837037	9668415
479	1840480	9662523
480	1843995	9657013
481	1847575	9651857
482	1851063	9646225
483	1854511	9640393
484	1858046	9635023
485	1861461	9629041
486	1864980	9623605
487	1868435	9617849
488	1871922	9612263
489	1875424	9606767
490	1878820	9600734
491	1882310	9595191
492	1885804	9589676
493	1889248	9583922
494	1892654	9577977
495	1896131	9572403
496	1899667	9567136
497	1903114	9561428
498	1906589	9555873
499	1910070	9550353
500	1913582	9544993
501	1917054	9539448
502	1920383	9533194
503	1923978	9528273
504	1927526	9523127
505	1931058	9517905
506	1934462	9512062
507	1937944	9506607
508	1941458	9501324
509	1944913	9495753
510	1948435	9490521
511	1951914	9485085
512	1955357	9479481
513	1958737	9473582
514	1962114	9467679
515	1965621	9462409
516	1969002	9456545
517	1972522	9451353
518	1975966	9445803
519	1979419	9440307
520	1982953	9435205
521	1986344	9429429
522	1989801	9423972
523	1993232	9418404
524	1996711	9413069
525	2000197	9407772
526	2003655	9402353
527	2007118	9396966
528	2010624	9391781
529	2014046	9386216
530	2017447	9380560
531	2020973	9375494
532	2024472	9370305
533	2027856	9364597
534	2031335	9359332
535	2034844	9354208
536	2038331	9348995
537	2041749	9343471
538	2045194	9338077
539	2048713	9333029
540	2052139	9327560
541	2055578	9322161
542	2059052	9316927
543	2062487	9311524
544	2065972	9306355
545	2069456	9301184
546	2072939	9296017
547	2076423	9290857
548	2079905	9285698
549	2083350	9280377
550	2086759	9274906
551	2090183	9269511
552	2093544	9263839
553	2097089	9258989
554	2100595	9253973
555	2104005	9248542
556	2107559	9243747
557	2111052	9238693
558	2114502	9233453
559	2117993	9228400
560	2121385	9222921
561	2124829	9217678
562	2128369	9212852
563	2131766	9207418
564	2135301	9202583
565	2138698	9197157
566	2142129	9191889
567	2145568	9186659
568	2149039	9181573
569	2152539	9176615
570	2156000	9171499
571	2159447	9166326
572	2162902	9161192
573	2166328	9155945
574	2169808	9150931
575	2173242	9145728
576	2176666	9140491
577	2180138	9135457
578	2183549	9130180
579	2186997	9125059
580	2190513	9120228
581	2193902	9114874
582	2197335	9109709
583	2200795	9104662
584	2204166	9099249
585	2207672	9094405
586	2211102	9089252
587	2214520	9084055
588	2218005	9079138
589	2221478	9074176
590	2224875	9068907
591	2228306	9063787
592	2231780	9058844
593	2235251	9053895
594	2238689	9048819
595	2242160	9043881
596	2245626	9038930
597	2249063	9033863
598	2252487	9028751
599	2256100	9024400
600	2259526	9019307
601	2263035	9014549
602	2266461	9009464
603	2269845	9004223
604	2273261	8999107
605	2276740	8994251
606	2280190	8989286
607	2283714	8984612
608	2287125	8979503
609	2290555	8974472
610	2294041	8969666
611	2297467	8964627
612	2300905	8959644
613	2304299	8954494
614	2307703	8949386
615	2311112	8944306
616	2314596	8939520
617	2318029	8934540
618	2321415	8929387
619	2324782	8924166
620	2328232	8919269
621	2331659	8914286
622	2335135	8909496
623	2338651	8904864
624	2342150	8900170
625	2345521	8894998
626	2349020	8890310
627	2352390	8885142
628	2355781	8880059
629	2359237	8875225
630	2362615	8870104
631	2366013	8865062
632	2369488	8860315
633	2372907	8855361
634	2376315	8850372
635	2379801	8845675
636	2383277	8840948
637	2386694	8836005
638	2390179	8831320
639	2393577	8826315
640	2397052	8821603
641	2400584	8817099
642	2404034	8812301
643	2407490	8807527
644	2410965	8802826
645	2414329	8797727
646	2417770	8792912
647	2421344	8788585
648	2424744	8783628
649	2428226	8778974
650	2431713	8774339
651	2435076	8769263
652	2438624	8764858
653	2442122	8760275
654	2445522	8755342
655	2448956	8750541
656	2452360	8745633
657	2455748	8740674
658	2459250	8736122
659	2462763	8731616
660	2466270	8727089
661	2469612	8721985
662	2473083	8717338
663	2476548	8712676
664	2479991	8707939
665	2483494	8703419
666	2486872	8698460
667	2490313	8693729
668	2493835	8689284
669	2497249	8684465
670	2500666	8679660
671	2504198	8675258
672	2507590	8670375
673	2511073	8665810
674	2514553	8661239
675	2518123	8656981
676	2521565	8652283
677	2524961	8647434
678	2528420	8642804
679	2531897	8638237
680	2535336	8633548
681	2538888	8629243
682	2542408	8624831
683	2545827	8620082
684	2549325	8615603
685	2552822	8611125
686	2556344	8606730
687	2559897	8602446
688	2563325	8597742
689	2566853	8593379
690	2570315	8588797
691	2573828	8584387
692	2577309	8579873
693	2580771	8575302
694	2584339	8571081
695	2587799	8566508
696	2591214	8561790
697	2594679	8557237
698	2598186	8552829
699	2601631	8548219
700	2605098	8543681
701	2608595	8539247
702	2612145	8534990
703	2615685	8530701
704	2619045	8525829
705	2622514	8521315
706	2626064	8517066
707	2629563	8512654
708	2632915	8507769
709	2636578	8503893
710	2640229	8499979
711	2643714	8495530
712	2647294	8491390
713	2651255	8488472
714	2655296	8485808
715	2659614	8484021
716	2663256	8480074
717	2666862	8476016
718	2670355	8471599
719	2673915	8467398
720	2677570	8463498
721	2680993	8458869
722	2684470	8454411
723	2688334	8451171
724	2692404	8448580
725	2696013	8444538
726	2699652	8440592
727	2703126	8436132
728	2706524	8431434
729	2710280	8427858
730	2713795	8423531
731	2717343	8419310
732	2720929	8415208
733	2724536	8411171
734	2728067	8406901
735	2731664	8402837
736	2735196	8398573
737	2738764	8394424
738	2742397	8390475
739	2745835	8385931
740	2749582	8382330
741	2753232	8378434
742	2756715	8374032
743	2760341	8370068
744	2763962	8366089
745	2767667	8362361
746	2771159	8357995
747	2774809	8354105
748	2778450	8350189
749	2782008	8346026
750	2785614	8342007
751	2789174	8337850
752	2792758	8333768
753	2796342	8329687
754	2799839	8325349
755	2803359	8321084
756	2806929	8316964
757	2810577	8313079
758	2813962	8308419
759	2817591	8304479
760	2821317	8300828
761	2824810	8296491
762	2828429	8292526
763	2832038	8288532
764	2835572	8284319
765	2839066	8279992
766	2842695	8276062
767	2846354	8272216
768	2849978	8268274
769	2853524	8264104
770	2857068	8259930
771	2860655	8255882
772	2864234	8251811
773	2867896	8247979
774	2871406	8243716
775	2875071	8239896
776	2878631	8235774
777	2882219	8231736
778	2885771	8227598
779	2889274	8223318
780	2892930	8219477
781	2896418	8215161
782	2900073	8211317
783	2903603	8207122
784	2907480	8203910
785	2912007	8202524
786	2916499	8201033
787	2920988	8199526
788	2925094	8196937
789	2929134	8194162
790	2933327	8191809
791	2937454	8189266
792	2941633	8186866
793	2945808	8184450
794	2950040	8182188
795	2954222	8179780
796	2958209	8176833
797	2962453	8174589
798	2966569	8171988
799	2970687	8169391
800	2974734	8166593
801	2978949	8164254
802	2983096	8161723
803	2987129	8158875
804	2991174	8156060
805	2995358	8153619
806	2999616	8151374
807	3004093	8149719
808	3008246	8147179
809	3012266	8144276
810	3016427	8141752
811	3020657	8139406
812	3024813	8136860
813	3028907	8134142
814	3033119	8131738
815	3037403	8129522
816	3041645	8127186
817	3045797	8124609
818	3049802	8121636
819	3054050	8119304
820	3058222	8116768
821	3062362	8114142
822	3066511	8111538
823	3070761	8109194
824	3075042	8106930
825	3079165	8104244
826	3083245	8101441
827	3087291	8098547
828	3091382	8095766
829	3095730	8093657
830	3099924	8091138
831	3104057	8088457
832	3108010	8085305
833	3112054	8082386
834	3116079	8079416
835	3120245	8076808
836	3124401	8074169
837	3128576	8071577
838	3132603	8068601
839	3136865	8066224
840	3141006	8063535
841	3145004	8060474
842	3149108	8057683
843	3153338	8055210
844	3157472	8052489
845	3161509	8049516
846	3165706	8046948
847	3169829	8044190
848	3174062	8041706
849	3178177	8038918
850	3182304	8036161
851	3186449	8033443
852	3190497	8030478
853	3194752	8028031
854	3198954	8025448
855	3203369	8023391
856	3207682	8021078
857	3211965	8018683
858	3216387	8016631
859	3220733	8014384
860	3224997	8011927
861	3229084	8009029
862	3232950	8005578
863	3237153	8002963
864	3241604	8000954
865	3245969	7998728
866	3250322	7996469
867	3254677	7994207
868	3258985	7991828
869	3263166	7989132
870	3267304	7986327
871	3271428	7983485
872	3275662	7980909
873	3279968	7978504
874	3284044	7975537
875	3288282	7972959
876	3292623	7970627
877	3296909	7968157
878	3301171	7965624
879	3305376	7962951
880	3309600	7960320
881	3313763	7957541
882	3318041	7955032
883	3322221	7952285
884	3326412	7949562
885	3330768	7947228
886	3335109	7944854
887	3339264	7942034
888	3343597	7939634
889	3347980	7937346
890	3352251	7934791
891	3356553	7932303
892	3360584	7929174
893	3364866	7926631
894	3369193	7924193
895	3373414	7921499
896	3377717	7918997
897	3381856	7916104
898	3386037	7913308
899	3390262	7910613
900	3394516	7907979
901	3398760	7905321
902	3402977	7902594
903	3407094	7899634
904	3411431	7897181
905	3415474	7894043
906	3419687	7891295
907	3423915	7888580
908	3428169	7885920
909	3432378	7883155
910	3436663	7880560
911	3440871	7877783
912	3445117	7875094
913	3449296	7872244
914	3453511	7869476
915	3457747	7866752
916	3461889	7863813
917	3466160	7861160
918	3470452	7858553
919	3474696	7855835
920	3478931	7853093
921	3483201	7850426
922	3487377	7847543
923	3491689	7844965
924	3495900	7842156
925	3500221	7839588
926	3504376	7836648
927	3508546	7833737
928	3512732	7830859
929	3516847	7827820
930	3521055	7824986
931	3525299	7822231
932	3529685	7819785
933	3533848	7816842
934	3538142	7814186
935	3542204	7811014
936	3546497	7808350
937	3550638	7805347
938	3554939	7802694
939	3559180	7799906
940	3563240	7796718
941	3567484	7793931
942	3571793	7791281
943	3575942	7788280
944	3580154	7785415
945	3584302	7782406
946	3588545	7779602
947	3592688	7776578
948	3597014	7773947
949	3601096	7770787
950	3605304	7767896
951	3609450	7764868
952	3613806	7762289
953	3618159	7759700
954	3622233	7756511
955	3626411	7753541
956	3630692	7750787
957	3634982	7748053
958	3639134	7745019
959	3643305	7742024
960	3647590	7739269
961	3651761	7736268
962	3655939	7733280
963	3660182	7730426
964	3664351	7727413
965	3668725	7724832
966	3672971	7721976
967	3677120	7718913
968	3681292	7715897
969	3685568	7713096
970	3689699	7709990
971	3693953	7707137
972	3698120	7704100
973	3702305	7701100
974	3706585	7698293
975	3710618	7694971
976	3714746	7691844
977	3718934	7688839
978	3723128	7685845
979	3727373	7682952
980	3731562	7679943
981	3735765	7676960
982	3740153	7674353
983	3744659	7671986
984	3748881	7669032
985	3753284	7666444
986	3757685	7663850
987	3762099	7661278
988	3766246	7658162
989	3770427	7655109
990	3774901	7652650
991	3779124	7649680
992	3783450	7646914
993	3787752	7644095
994	3792056	7641280
995	3796407	7638554
996	3800764	7635838
997	3805267	7633412
998	3809367	7630174
999	3813664	7627329
1000	3817962	7624482
1001	3822104	7621322
1002	3826299	7618266
1003	3830531	7615280
1004	3834779	7612323
1005	3839089	7609486
1006	3843224	7606302
1007	3847358	7603113
1008	3851821	7600571
1009	3856195	7597850
1010	3860723	7595428
1011	3865015	7592540
1012	3869177	7589393
1013	3873567	7586691
1014	3877705	7583493
1015	3882070	7580735
1016	3886275	7577664
1017	3890700	7575018
1018	3894937	7572003
1019	3899358	7569342
1020	3903562	7566257
1021	3907641	7562930
1022	3912015	7560169
1023	3916387	7557404
1024	3920723	7554564
1025	3925025	7551657
1026	3929262	7548623
1027	3933551	7545684
1028	3937880	7542821
1029	3942207	7539951
1030	3946690	7537375
1031	3951048	7534558
1032	3955343	7531616
1033	3959877	7529129
1034	3964227	7526286
1035	3968502	7523299
1036	3972876	7520499
1037	3977196	7517591
1038	3981300	7514272
1039	3985632	7511384
1040	3989988	7508536
1041	3994315	7505632
1042	3998502	7502462
1043	4002611	7499145
1044	4006971	7496296
1045	4011514	7493785
1046	4015750	7490698
1047	4019899	7487446
1048	4024327	7484711
1049	4028739	7481945
1050	4033102	7479084
1051	4037303	7475919
1052	4041368	7472501
1053	4046146	7470398
1054	4050690	7467861
1055	4055206	7465265
1056	4059510	7462278
1057	4063825	7459309
1058	4068047	7456167
1059	4072350	7453169
1060	4076618	7450106
1061	4081048	7447336
1062	4085306	7444250
1063	4089635	7441292
1064	4093839	7438101
1065	4098007	7434847
1066	4102182	7431600
1067	4106536	7428678
1068	4110836	7425655
1069	4115160	7422672
1070	4119561	7419825
1071	4123828	7416735
1072	4128272	7413961
1073	4132413	7410641
1074	4136750	7407668
1075	4140928	7404411
1076	4145172	7401268
1077	4149488	7398253
1078	4153724	7395092
1079	4158026	7392046
1080	4162260	7388879
1081	4166430	7385594
1082	4170617	7382338
1083	4174789	7379056
1084	4178884	7375634
1085	4183112	7372447
1086	4187443	7369438
1087	4191730	7366349
1088	4196015	7363255
1089	4200162	7359918
1090	4204327	7356609
1091	4208559	7353417
1092	4212876	7350370
1093	4216994	7346976
1094	4221094	7343548
1095	4225291	7340286
1096	4229544	7337122
1097	4233939	7334201
1098	4238171	7330995
1099	4242391	7327766
1100	4246535	7324406
1101	4250696	7321072
1102	4255242	7318400
1103	4259645	7315477
1104	4263714	7311981
1105	4268435	7309598
1106	4272863	7306713
1107	4277394	7303998
1108	4281829	7301117
1109	4286065	7297894
1110	4290312	7294689
1111	4294665	7291661
1112	4298960	7288534
1113	4302801	7284634
1114	4306967	7281286
1115	4310840	7277441
1116	4314769	7273688
1117	4318475	7269562
1118	4322437	7265866
1119	4326961	7263113
1120	4331640	7260616
1121	4336201	7257919
1122	4340964	7255556
1123	4345489	7252791
1124	4349901	7249836
1125	4354037	7246418
1126	4358149	7242958
1127	4362372	7239682
1128	4366465	7236188
1129	4370674	7232886
1130	4374821	7229480
1131	4378947	7226037
1132	4382993	7222462
1133	4387119	7219016
1134	4391166	7215441
1135	4395445	7212244
1136	4399435	7208573
1137	4403508	7205037
1138	4407693	7201683
1139	4411720	7198070
1140	4415892	7194692
1141	4419901	7191048
1142	4424140	7187777
1143	4428209	7184228
1144	4432282	7180684
1145	4436352	7177136
1146	4440383	7173523
1147	4444565	7170152
1148	4448670	7166656
1149	4452773	7163157
1150	4456857	7159625
1151	4460934	7156082
1152	4464960	7152455
1153	4468957	7148782
1154	4473073	7145299
1155	4477177	7141794
1156	4481224	7138198
1157	4485699	7135283
1158	4490032	7132139
1159	4494072	7128528
1160	4498131	7124947
1161	4502135	7121278
1162	4506233	7117757
1163	4510516	7114525
1164	4514438	7110724
1165	4518654	7107385
1166	4522788	7103917
1167	4526866	7100359
1168	4530969	7096839
1169	4535023	7093242
1170	4539036	7089579
1171	4543190	7086136
1172	4547200	7082468
1173	4551249	7078860
1174	4555395	7075402
1175	4559600	7072033
1176	4563606	7068355
1177	4567680	7064782
1178	4571685	7061102
1179	4575840	7057651
1180	4579996	7054202
1181	4584170	7050779
1182	4588144	7047049
1183	4592384	7043724
1184	4596355	7039987
1185	4600488	7036498
1186	4604536	7032876
1187	4608569	7029231
1188	4612783	7025863
1189	4616767	7022142
1190	4620792	7018483
1191	4625045	7015169
1192	4629090	7011539
1193	4633154	7007936
1194	4637145	7004224
1195	4641136	7000510
1196	4645253	6996986
1197	4649390	6993490
1198	4653487	6989933
1199	4657633	6986450
1200	4661723	6982881
1201	4665859	6979380
1202	4669927	6975777
1203	4674261	6972569
1204	4678099	6968621
1205	4682052	6964844
1206	4685798	6960760
1207	4689866	6957153
1208	4693968	6953595
1209	4697678	6949458
1210	4701308	6945202
1211	4704935	6940944
1212	4708434	6936497
1213	4712077	6932265
1214	4715561	6927800
1215	4719133	6923465
1216	4722724	6919160
1217	4726275	6914796
1218	4729736	6910303
1219	4733371	6906066
1220	4737009	6901834
1221	4740511	6897404
1222	4744062	6893049
1223	4747600	6888674
1224	4751040	6884161
1225	4754663	6879912
1226	4758335	6875736
1227	4761793	6871252
1228	4765336	6866892
1229	4768860	6862506
1230	4772417	6858169
1231	4775922	6853759
1232	4779552	6849528
1233	4783088	6845165
1234	4786566	6840720
1235	4790193	6836489
1236	4793704	6832094
1237	4797251	6827752
1238	4800828	6823453
1239	4804459	6819232
1240	4808031	6814928
1241	4811573	6810584
1242	4815178	6806330
1243	4818610	6801832
1244	4822084	6797396
1245	4825733	6793207
1246	4829253	6788837
1247	4832951	6784719
1248	4836527	6780431
1249	4839987	6775982
1250	4843614	6771767
1251	4847201	6767498
1252	4850860	6763330
1253	4854387	6758979
1254	4857884	6754588
1255	4861481	6750336
1256	4864951	6745911
1257	4868490	6741582
1258	4871980	6737186
1259	4875515	6732854
1260	4879068	6728549
1261	4882699	6724351
1262	4886337	6720164
1263	4889892	6715864
1264	4893495	6711631
1265	4897059	6707347
1266	4900600	6703031
1267	4904164	6698748
1268	4907745	6694490
1269	4911292	6690185
1270	4914850	6685898
1271	4918425	6681634
1272	4921954	6677310
1273	4925484	6672986
1274	4928984	6668625
1275	4932603	6664427
1276	4936242	6660254
1277	4939683	6655818
1278	4943297	6651614
1279	4946814	6647281
1280	4950324	6642941
1281	4953912	6638706
1282	4957446	6634400
1283	4960954	6630060
1284	4964480	6625746
1285	4968072	6621521
1286	4971653	6617282
1287	4975192	6612988
1288	4978720	6608681
1289	4982239	6604363
1290	4985779	6600074
1291	4989247	6595692
1292	4992966	6591642
1293	4996509	6587361
1294	5000009	6583023
1295	5003567	6578765
1296	5007154	6574544
1297	5010763	6570354
1298	5014261	6566019
1299	5017832	6561780
1300	5021385	6557519
1301	5024898	6553208
1302	5028400	6548883
1303	5031947	6544618
1304	5035380	6540206
1305	5039048	6536101
1306	5042663	6531927
1307	5046260	6527731
1308	5049834	6523506
1309	5053279	6519116
1310	5056731	6514736
1311	5060287	6510491
1312	5063784	6506172
1313	5067292	6501868
1314	5070874	6497660
1315	5074464	6493464
1316	5077918	6489093
1317	5081469	6484849
1318	5084970	6480542
1319	5088561	6476350
1320	5092112	6472109
1321	5095620	6467815
1322	5099077	6463456
1323	5102648	6459244
1324	5106203	6455012
1325	5109692	6450697
1326	5113196	6446404
1327	5116938	6442410
1328	5120447	6438124
1329	5124025	6433926
1330	5127528	6429635
1331	5131000	6425307
1332	5134504	6421019
1333	5138048	6416783
1334	5141570	6412520
1335	5145109	6408280
1336	5148646	6404038
1337	5152400	6400067
1338	5155944	6395836
1339	5159428	6391530
1340	5163096	6387455
1341	5166750	6383362
1342	5170295	6379135
1343	5173862	6374938
1344	5177523	6370856
1345	5181083	6366650
1346	5184628	6362428
1347	5188185	6358220
1348	5191707	6353972
1349	5195237	6349734
1350	5198788	6345523
1351	5202279	6341240
1352	5205865	6337073
1353	5209315	6332742
1354	5212930	6328612
1355	5216470	6324393
1356	5220021	6320188
1357	5223577	6315989
1358	5227163	6311829
1359	5230797	6307726
1360	5234522	6303734
1361	5237994	6299438
1362	5241546	6295240
1363	5245271	6291249
1364	5248906	6287152
1365	5252492	6282996
1366	5256061	6278820
1367	5259551	6274552
1368	5263259	6270545
1369	5266734	6266261
1370	5270378	6262177
1371	5273907	6257960
1372	5277477	6253792
1373	5281035	6249609
1374	5284593	6245429
1375	5288115	6241205
1376	5291695	6237052
1377	5295255	6232876
1378	5298832	6228721
1379	5302490	6224662
1380	5306023	6220457
1381	5309545	6216241
1382	5313109	6212073
1383	5316610	6207833
1384	5320225	6203728
1385	5323815	6199594
1386	5327427	6195487
1387	5330928	6191251
1388	5334514	6187115
1389	5337988	6182850
1390	5341503	6178633
1391	5345203	6174631
1392	5348664	6170354
1393	5352302	6166282
1394	5355873	6162133
1395	5359485	6158033
1396	5362907	6153715
1397	5366434	6149518
1398	5369912	6145267
1399	5373549	6141199
1400	5377085	6137016
1401	5380578	6132785
1402	5384119	6128608
1403	5387769	6124558
1404	5391229	6120292
1405	5394770	6116119
1406	5398361	6112004
1407	5401924	6107857
1408	5405376	6103586
1409	5408905	6099403
1410	5412550	6095352
1411	5416099	6091193
1412	5419585	6086965
1413	5423320	6083017
1414	5426786	6078768
1415	5430364	6074644
1416	5433856	6070427
1417	5437459	6066333
1418	5440959	6062125
1419	5444543	6058013
1420	5447989	6053747
1421	5451481	6049534
1422	5455148	6045515
1423	5458700	6041370
1424	5462279	6037256
1425	5465909	6033198
1426	5469381	6028968
1427	5472979	6024877
1428	5476618	6020830
1429	5480184	6016706
1430	5483726	6012555
1431	5487307	6008448
1432	5490837	6004286
1433	5494343	6000099
1434	5497950	5996022
1435	5501524	5991911
1436	5504999	5987692
1437	5508570	5983579
1438	5512100	5979422
1439	5515648	5975285
1440	5519254	5971213
1441	5522808	5967084
1442	5526289	5962877
1443	5529941	5958856
1444	5533502	5954738
1445	5537072	5950629
1446	5540613	5946490
1447	5544270	5942478
1448	5547781	5938309
1449	5551431	5934288
1450	5555008	5930191
1451	5558463	5925965
1452	5561970	5921795
1453	5565510	5917661
1454	5569001	5913475
1455	5572639	5909447
1456	5576272	5905413
1457	5579872	5901346
1458	5583514	5897323
1459	5587189	5893336
1460	5590725	5889203
1461	5594197	5885004
1462	5597761	5880901
1463	5601281	5876754
1464	5604854	5872663
1465	5608385	5868528
1466	5611918	5864397
1467	5615397	5860210
1468	5618935	5856086
1469	5622420	5851907
1470	5625944	5847770
1471	5629600	5843769
1472	5633115	5839624
1473	5636801	5835657
1474	5640294	5831491
1475	5643785	5827323
1476	5647467	5823353
1477	5651016	5819247
1478	5654548	5815124
1479	5658234	5811160
1480	5661685	5806954
1481	5665278	5802896
1482	5668843	5798810
1483	5672381	5794696
1484	5675912	5790577
1485	5679463	5786478
1486	5683068	5782435
1487	5686614	5778333
1488	5690159	5774232
1489	5693810	5770237
1490	5697328	5766109
1491	5700985	5762122
1492	5704564	5758056
1493	5708281	5754130
1494	5711715	5749920
1495	5715439	5746003
1496	5718964	5741885
1497	5722615	5737895
1498	5726259	5733899
1499	5729716	5729716
1500	5733363	5725724
1501	5736784	5721507
1502	5740389	5717473
1503	5743983	5713430
1504	5747532	5709343
1505	5751127	5705301
1506	5754731	5701269
1507	5758179	5697085
1508	5761770	5693041
1509	5765402	5689039
1510	5768881	5684887
1511	5772492	5680866
1512	5776021	5676763
1513	5779467	5672581
1514	5783121	5668604
1515	5786637	5664492
1516	5790130	5660358
1517	5793679	5656280
1518	5797227	5652201
1519	5800750	5648099
1520	5804333	5644056
1521	5807748	5639850
1522	5811298	5635776
1523	5814810	5631667
1524	5818263	5627500
1525	5821954	5623565
1526	5825420	5619413
1527	5828985	5615357
1528	5832552	5611304
1529	5836143	5607275
1530	5839706	5603219
1531	5843320	5599212
1532	5846998	5595268
1533	5850494	5591150
1534	5854064	5587103
1535	5857557	5582984
1536	5861049	5578865
1537	5864692	5574889
1538	5868154	5570742
1539	5871659	5566638
1540	5875273	5562636
1541	5878799	5558553
1542	5882330	5554475
1543	5885962	5550492
1544	5889443	5546369
1545	5893086	5542398
1546	5896583	5538290
1547	5900183	5534281
1548	5903713	5530205
1549	5907352	5526233
1550	5910919	5522193
1551	5914458	5518128
1552	5917933	5514005
1553	5921455	5509925
1554	5924988	5505857
1555	5928522	5501790
1556	5932084	5497750
1557	5935570	5493640
1558	5939077	5489551
1559	5942677	5485548
1560	5946227	5481499
1561	5949678	5477361
1562	5953354	5473429
1563	5956972	5469445
1564	5960557	5465430
1565	5964040	5461324
1566	5967552	5457245
1567	5971120	5453217
1568	5974675	5449178
1569	5978105	5445025
1570	5981647	5440976
1571	5985140	5436883
1572	5988696	5432847
1573	5992222	5428786
1574	5995810	5424781
1575	5999369	5420750
1576	6002868	5416665
1577	6006528	5412727
1578	6010006	5408625
1579	6013492	5404531
1580	6017037	5400491
1581	6020646	5396508
1582	6024198	5392476
1583	6027722	5388418
1584	6031333	5384440
1585	6034890	5380413
1586	6038478	5376414
1587	6041854	5372228
1588	6045503	5368285
1589	6049001	5364208
1590	6052635	5360253
1591	6056151	5356193
1592	6059716	5352179
1593	6063350	5348224
1594	6066862	5344163
1595	6070359	5340090
1596	6073967	5336115
1597	6077472	5332050
1598	6081020	5328023
1599	6084693	5324107
1600	6088356	5320181
1601	6091966	5316210
1602	6095588	5312250
1603	6099094	5308189
1604	6102605	5304133
1605	6106174	5300129
1606	6109835	5296204
1607	6113284	5292097
1608	6116890	5288126
1609	6120371	5284047
1610	6124039	5280131
1611	6127775	5276272
1612	6131417	5272334
1613	6134936	5268290
1614	6138459	5264251
1615	6142147	5260353
1616	6145556	5256218
1617	6149269	5252343
1618	6152790	5248303
1619	6156493	5244420
1620	6160062	5240423
1621	6163637	5236431
1622	6167225	5232451
1623	6170834	5228490
1624	6174387	5224481
1625	6177954	5220485
1626	6181587	5216545
1627	6185173	5212566
1628	6188646	5208492
1629	6192165	5204458
1630	6195889	5200596
1631	6199445	5196593
1632	6202904	5192511
1633	6206420	5188476
1634	6209964	5184466
1635	6213433	5180392
1636	6217030	5176427
1637	6220604	5172443
1638	6224219	5168495
1639	6227863	5164569
1640	6231410	5160564
1641	6235013	5156606
1642	6238606	5152640
1643	6242169	5148650
1644	6245822	5144735
1645	6249347	5140714
1646	6252867	5136690
1647	6256455	5132722
1648	6259978	5128702
1649	6263627	5124785
1650	6267154	5120770
1651	6270661	5116738
1652	6274157	5112698
1653	6277807	5108784
1654	6281405	5104828
1655	6285058	5100917
1656	6288550	5096876
1657	6292155	5092926
1658	6295577	5088830
1659	6299279	5084960
1660	6302765	5080916
1661	6306325	5076933
1662	6309971	5073019
1663	6313563	5069063
1664	6316998	5064980
1665	6320637	5061062
1666	6324286	5057152
1667	6327807	5053140
1668	6331262	5049077
1669	6334881	5045145
1670	6338341	5041087
1671	6341913	5037118
1672	6345513	5033172
1673	6349091	5029208
1674	6352531	5025136
1675	6356172	5021224
1676	6359814	5017313
1677	6363349	5013318
1678	6366942	5009369
1679	6370382	5005300
1680	6374059	5001418
1681	6377590	4997422
1682	6381163	4993459
1683	6384609	4989397
1684	6388171	4985427
1685	6391762	4981480
1686	6395266	4977465
1687	6398821	4973491
1688	6402269	4969434
1689	6405902	4965522
1690	6409449	4961542
1691	6413103	4957647
1692	6416542	4953586
1693	6420101	4949618
1694	6423695	4945676
1695	6427316	4941757
1696	6430922	4937826
1697	6434376	4933779
1698	6438088	4929930
1699	6441542	4925885
1700	6445197	4921994
1701	6448628	4917931
1702	6452151	4913940
1703	6455685	4909958
1704	6459198	4905959
1705	6462890	4902098
1706	6466480	4898159
1707	6469969	4894145
1708	6473518	4890176
1709	6477069	4886210
1710	6480618	4882242
1711	6484217	4878313
1712	6487702	4874298
1713	6491449	4870480
1714	6494987	4866506
1715	6498608	4862595
1716	6502111	4858596
1717	6505687	4854651
1718	6509264	4850708
1719	6512763	4846707
1720	6516299	4842734
1721	6519839	4838765
1722	6523267	4834714
1723	6526863	4830787
1724	6530433	4826842
1725	6534033	4822919
1726	6537513	4818908
1727	6541089	4814969
1728	6544646	4811015
1729	6548310	4807141
1730	6551820	4803154
1731	6555385	4799208
1732	6558886	4795215
1733	6562502	4791308
1734	6566059	4787357
1735	6569699	4783467
1736	6573240	4779506
1737	6576828	4775579
1738	6580386	4771631
1739	6583936	4767677
1740	6587509	4763741
1741	6591033	4759770
1742	6594561	4755802
1743	6598260	4751958
1744	6601666	4747903
1745	6605318	4744025
1746	6608850	4740062
1747	6612431	4736135
1748	6615914	4732137
1749	6619542	4728244
1750	6623093	4724296
1751	6626679	4720374
1752	6630295	4716473
1753	6633790	4712487
1754	6637480	4708640
1755	6641068	4704720
1756	6644650	4700796
1757	6648309	4696928
1758	6651865	4692987
1759	6655399	4689031
1760	6658860	4685024
1761	6662543	4681174
1762	6666042	4677194
1763	6669626	4673275
1764	6673112	4669288
1765	6676667	4665349
1766	6680237	4661421
1767	6683714	4657430
1768	6687388	4653575
1769	6690956	4649647
1770	6694530	4645724
1771	6698042	4641758
1772	6701726	4637912
1773	6705231	4633942
1774	6708760	4629989
1775	6712290	4626037
1776	6715899	4622141
1777	6719446	4618202
1778	6722980	4614254
1779	6726555	4610335
1780	6730124	4606413
1781	6733653	4602463
1782	6737199	4598526
1783	6740762	4594600
1784	6744377	4590710
1785	6747961	4586800
1786	6751551	4582894
1787	6755142	4578989
1788	6758640	4575021
1789	6762211	4571103
1790	6765782	4567186
1791	6769282	4563221
1792	6772932	4559358
1793	6776504	4555443
1794	6780039	4551502
1795	6783528	4547532
1796	6787170	4543664
1797	6790763	4539765
1798	6794396	4535892
1799	6797984	4531989
1800	6801502	4528040
1801	6805175	4524195
1802	6808769	4520297
1803	6812267	4516337
1804	6815809	4512405
1805	6819396	4508504
1806	6822958	4504587
1807	6826544	4500686
1808	6830230	4496851
1809	6833776	4492924
1810	6837359	4489022
1811	6840960	4485133
1812	6844643	4481297
1813	6848300	4477444
1814	6851861	4473529
1815	6855458	4469638
1816	6859031	4465731
1817	6862425	4461708
1818	6866045	4457833
1819	6869539	4453877
1820	6873259	4450067
1821	6876704	4446080
1822	6880397	4442253
1823	6883898	4438303
1824	6887438	4434378
1825	6890970	4430448
1826	6894480	4426505
1827	6898060	4422607
1828	6901595	4418681
1829	6905175	4414784
1830	6908677	4410837
1831	6912167	4406884
1832	6915686	4402949
1833	6919237	4399035
1834	6922770	4395110
1835	6926326	4391200
1836	6929785	4387229
1837	6933461	4383395
1838	6936970	4379457
1839	6940559	4375570
1840	6944137	4371675
1841	6947707	4367777
1842	6951161	4363805
1843	6954721	4359901
1844	6958219	4355958
1845	6961798	4352067
1846	6965314	4348136
1847	6968880	4344237
1848	6972399	4340309
1849	6975998	4336431
1850	6979549	4332524
1851	6983171	4328661
1852	6986761	4324779
1853	6990198	4320802
1854	6993813	4316936
1855	6997355	4313024
1856	7000909	4309122
1857	7004393	4305176
1858	7007952	4301276
1859	7011677	4297479
1860	7015239	4293582
1861	7018825	4289701
1862	7022273	4285735
1863	7025882	4281868
1864	7029461	4277983
1865	7033071	4274117
1866	7036593	4270198
1867	7040324	4266406
1868	7043842	4262485
1869	7047300	4258528
1870	7050845	4254625
1871	7054363	4250706
1872	7057917	4246808
1873	7061519	4242940
1874	7065149	4239089
1875	7068663	4235169
1876	7072222	4231276
1877	7075716	4227344
1878	7079319	4223479
1879	7082907	4219604
1880	7086420	4215685
1881	7090209	4211930
1882	7093740	4208023
1883	7097297	4204131
1884	7100895	4200264
1885	7104337	4196305
1886	7107940	4192441
1887	7111399	4188494
1888	7115021	4184641
1889	7118610	4180771
1890	7122130	4176860
1891	7125631	4172938
1892	7129256	4169089
1893	7132912	4165259
1894	7136408	4161335
1895	7140108	4157531
1896	7143636	4153627
1897	7147096	4149683
1898	7150645	4145792
1899	7154290	4141957
1900	7157790	4138038
1901	7161288	4134118
1902	7164938	4130287
1903	7168476	4126392
1904	7172039	4122511
1905	7175541	4118595
1906	7179092	4114707
1907	7182614	4110804
1908	7186090	4106874
1909	7189740	4103045
1910	7193357	4099197
1911	7196874	4095292
1912	7200450	4091421
1913	7203965	4087516
1914	7207479	4083610
1915	7211016	4079719
1916	7214573	4075839
1917	7218096	4071939
1918	7221696	4068084
1919	7225213	4064182
1920	7228776	4060306
1921	7232446	4056492
1922	7235989	4052605
1923	7239469	4048684
1924	7243095	4044845
1925	7246686	4040987
1926	7250246	4037111
1927	7253851	4033261
1928	7257327	4029340
1929	7261017	4025538
1930	7264575	4021662
1931	7268110	4017775
1932	7271537	4013828
1933	7275254	4010041
1934	7278792	4006157
1935	7282312	4002262
1936	7285906	3998409
1937	7289450	3994528
1938	7293023	3990664
1939	7296615	3986810
1940	7300182	3982943
1941	7303690	3979044
1942	7307356	3975231
1943	7310948	3971379
1944	7314524	3967518
1945	7318153	3963686
1946	7321650	3959783
1947	7325188	3955902
1948	7328775	3952048
1949	7332319	3948172
1950	7335975	3944355
1951	7339525	3940482
1952	7343054	3936599
1953	7346603	3932726
1954	7350070	3928810
1955	7353640	3924949
1956	7357152	3921057
1957	7360673	3917171
1958	7364151	3913262
1959	7367710	3909397
1960	7371374	3905588
1961	7374980	3901747
1962	7378503	3897864
1963	7382095	3894017
1964	7385574	3890111
1965	7389157	3886261
1966	7392668	3882372
1967	7396106	3878446
1968	7399633	3874567
1969	7403238	3870728
1970	7406691	3866811
1971	7410350	3863001
1972	7413896	3859134
1973	7417430	3855260
1974	7420993	3851401
1975	7424511	3847519
1976	7428051	3843650
1977	7431625	3839798
1978	7435169	3835931
1979	7438787	3832102
1980	7442384	3828263
1981	7446022	3824445
1982	7449647	3820621
1983	7453150	3816734
1984	7456682	3812862
1985	7460327	3809049
1986	7463894	3805196
1987	7467411	3801318
1988	7470964	3797458
1989	7474576	3793629
1990	7478168	3789789
1991	7481693	3785917
1992	7485222	3782046
1993	7488810	3778206
1994	7492309	3774321
1995	7496004	3770535
1996	7499430	3766614
1997	7503069	3762800
1998	7506655	3758960
1999	7510162	3755081
2000	7513722	3751228
2001	7517269	3747370
2002	7520783	3743495
2003	7524335	3739639
2004	7527942	3735812
2005	7531447	3731933
2006	7535104	3728131
2007	7538702	3724299
2008	7542184	3720410
2009	7545677	3716527
2010	7549293	3712705
2011	7552745	3708803
2012	7556377	3704989
2013	7559881	3701113
2014	7563422	3697255
2015	7566895	3693365
2016	7570493	3689536
2017	7573955	3685641
2018	7577589	3681830
2019	7581080	3677949
2020	7584624	3674095
2021	7588158	3670236
2022	7591705	3666384
2023	7595279	3662545
2024	7598787	3658675
2025	7602392	3654852
2026	7605891	3650977
2027	7609537	3647174
2028	7613020	3643293
2029	7616558	3639439
2030	7620156	3635613
2031	7623695	3631760
2032	7627232	3627906
2033	7630816	3624074
2034	7634334	3620212
2035	7637842	3616345
2036	7641429	3612516
2037	7644957	3608660
2038	7648567	3604842
2039	7652162	3601017
2040	7655750	3597189
2041	7659305	3593347
2042	7662873	3589510
2043	7666390	3585650
2044	7669918	3581795
2045	7673517	3577974
2046	7676941	3574071
2047	7680563	3570261
2048	7684049	3566388
2049	7687586	3562540
2050	7691082	3558672
2051	7694695	3554859
2052	7698248	3551018
2053	7701819	3547186
2054	7705374	3543347
2055	7708863	3539478
2056	7712398	3535630
2057	7716075	3531848
2058	7719567	3527981
2059	7723162	3524161
2060	7726781	3520353
2061	7730240	3516472
2062	7733797	3512635
2063	7737336	3508791
2064	7740766	3504899
2065	7744412	3501104
2066	7748054	3497307
2067	7751509	3493427
2068	7755141	3489626
2069	7758630	3485761
2070	7762319	3481987
2071	7765836	3478135
2072	7769387	3474299
2073	7772918	3470454
2074	7776509	3466636
2075	7780069	3462805
2076	7783657	3458986
2077	7787154	3455128
2078	7790685	3451284
2079	7794277	3447468
2080	7797801	3443622
2081	7801335	3439782
2082	7804991	3435995
2083	7808454	3432122
2084	7812155	3428355
2085	7815631	3424490
2086	7819182	3420658
2087	7822745	3416831
2088	7826385	3413038
2089	7829994	3409232
2090	7833504	3405382
2091	7837047	3401548
2092	7840646	3397738
2093	7844170	3393896
2094	7847670	3390043
2095	7851286	3386241
2096	7854840	3382413
2097	7858339	3378561
2098	7861964	3374764
2099	7865436	3370901
2100	7868904	3367037
2101	7872421	3363194
2102	7875974	3359367
2103	7879484	3355521
2104	7883064	3351706
2105	7886536	3347845
2106	7890184	3344060
2107	7893731	3340231
2108	7897256	3336394
2109	7900765	3332550
2110	7904322	3328727
2111	7907891	3324908
2112	7911456	3321089
2113	7915052	3317282
2114	7918562	3313440
2115	7922067	3309597
2116	7925633	3305778
2117	7929211	3301966
2118	7932863	3298184
2119	7936478	3294387
2120	7940044	3290570
2121	7943546	3286726
2122	7947141	3282921
2123	7950702	3279103
2124	7954316	3275306
2125	7957927	3271509
2126	7961475	3267685
2127	7965164	3263920
2128	7968707	3260096
2129	7972248	3256270
2130	7975838	3252465
2131	7979371	3248637
2132	7982999	3244847
2133	7986437	3240981
2134	7990032	3237179
2135	7993489	3233321
2136	7997080	3229518
2137	8000504	3225647
2138	8004002	3221807
2139	8007612	3218012
2140	8011062	3214153
2141	8014714	3210375
2142	8018227	3206542
2143	8021868	3202761
2144	8025405	3198937
2145	8029053	3195159
2146	8032506	3191303
2147	8036020	3187471
2148	8039626	3183677
2149	8043152	3179850
2150	8046609	3175997
2151	8050314	3172243
2152	8053922	3168449
2153	8057446	3164623
2154	8061176	3160878
2155	8064718	3157060
2156	8068254	3153240
2157	8071729	3149395
2158	8075396	3145626
2159	8079052	3141853
2160	8082643	3138055
2161	8086272	3134272
2162	8089702	3130411
2163	8093241	3126594
2164	8096742	3122761
2165	8100192	3118910
2166	8103832	3115132
2167	8107408	3111330
2168	8110933	3107508
2169	8114506	3103705
2170	8117984	3099866
2171	8121608	3096082
2172	8125157	3092271
2173	8128777	3088486
2174	8132251	3084647
2175	8135797	3080834
2176	8139405	3077046
2177	8142975	3073244
2178	8146545	3069441
2179	8150232	3065683
2180	8153744	3061860
2181	8157189	3058011
2182	8160829	3054236
2183	8164325	3050407
2184	8167944	3046624
2185	8171441	3042796
2186	8175115	3039034
2187	8178663	3035226
2188	8182168	3031401
2189	8185787	3027619
2190	8189283	3023792
2191	8192931	3020022
2192	8196518	3016229
2193	8200011	3012401
2194	8203570	3008598
2195	8207088	3004781
2196	8210764	3001021
2197	8214306	2997212
2198	8217946	2993440
2199	8221445	2989616
2200	8225155	2985869
2201	8228746	2982079
2202	8232375	2978303
2203	8236024	2974535
2204	8239532	2970715
2205	8243092	2966915
2206	8246681	2963125
2207	8250190	2959307
2208	8253902	2955562
2209	8257386	2951735
2210	8261124	2947999
2211	8264679	2944198
2212	8268348	2940438
2213	8271904	2936638
2214	8275442	2932831
2215	8279049	2929050
2216	8282709	2925287
2217	8286237	2921477
2218	8289795	2917679
2219	8293367	2913885
2220	8296893	2910076
2221	8300433	2906272
2222	8304037	2902490
2223	8307534	2898672
2224	8311059	2894863
2225	8314588	2891056
2226	8318267	2887301
2227	8321892	2883528
2228	8325542	2879763
2229	8329000	2875932
2230	8332543	2872131
2231	8336149	2868352
2232	8339747	2864570
2233	8343279	2860766
2234	8346945	2857008
2235	8350483	2853206
2236	8353958	2849383
2237	8357590	2845614
2238	8361177	2841829
2239	8364683	2838017
2240	8368321	2834250
2241	8371864	2830451
2242	8375472	2826675
2243	8378970	2822861
2244	8382633	2819104
2245	8386297	2815346
2246	8389810	2811538
2247	8393483	2807784
2248	8397125	2804020
2249	8400718	2800239
2250	8404179	2796415
2251	8407659	2792597
2252	8411246	2788815
2253	8414787	2785018
2254	8418252	2781196
2255	8421753	2777386
2256	8425227	2773568
2257	8428861	2769803
2258	8432390	2766003
2259	8435858	2762183
2260	8439409	2758391
2261	8442999	2754612
2262	8446595	2750835
2263	8450104	2747030
2264	8453720	2743260
2265	8457230	2739455
2266	8460789	2735667
2267	8464375	2731888
2268	8467825	2728065
2269	8471388	2724279
2270	8474838	2720456
2271	8478381	2716664
2272	8481874	2712856
2273	8485477	2709083
2274	8489070	2705308
2275	8492557	2701499
2276	8496080	2697701
2277	8499644	2693917
2278	8503181	2690124
2279	8506641	2686307
2280	8510247	2682537
2281	8513820	2678756
2282	8517353	2674963
2283	8520993	2671204
2284	8524562	2667423
2285	8528069	2663622
2286	8531591	2659827
2287	8535273	2656081
2288	8538874	2652311
2289	8542423	2648524
2290	8545975	2644738
2291	8549390	2640911
2292	8552960	2637131
2293	8556599	2633373
2294	8560120	2629579
2295	8563662	2625792
2296	8567181	2621997
2297	8570749	2618218
2298	8574470	2614486
2299	8577951	2610680
2300	8581410	2606869
2301	8585013	2603101
2302	8588549	2599313
2303	8592027	2595508
2304	8595649	2591746
2305	8599233	2587974
2306	8602761	2584184
2307	8606432	2580438
2308	8609993	2576658
2309	8613388	2572830
2310	8617012	2569070
2311	8620548	2565284
2312	8624075	2561495
2313	8627652	2557722
2314	8631159	2553928
2315	8634841	2550186
2316	8638385	2546403
2317	8641880	2542606
2318	8645429	2538826
2319	8648970	2535043
2320	8652634	2531296
2321	8656198	2527520
2322	8659669	2523717
2323	8663184	2519928
2324	8666773	2516160
2325	8670340	2512385
2326	8673988	2508635
2327	8677580	2504868
2328	8681259	2501127
2329	8684838	2497356
2330	8688306	2493555
2331	8691824	2489768
2332	8695389	2485994
2333	8698948	2482219
2334	8702461	2478431
2335	8706031	2474659
2336	8709516	2470864
2337	8713105	2467098
2338	8716591	2463303
2339	8720197	2459542
2340	8723687	2455749
2341	8727349	2452005
2342	8730915	2448233
2343	8734419	2444445
2344	8738086	2440702
2345	8741549	2436902
2346	8745223	2433161
2347	8748824	2429400
2348	8752345	2425618
2349	8755906	2421846
2350	8759433	2418065
2351	8763007	2414297
2352	8766487	2410504
2353	8770080	2406742
2354	8773638	2402971
2355	8777308	2399230
2356	8780879	2395462
2357	8784480	2391703
2358	8787922	2387900
2359	8791481	2384130
2360	8794927	2380329
2361	8798573	2376583
2362	8801980	2372772
2363	8805654	2369033
2364	8809152	2365248
2365	8812823	2361508
2366	8816387	2357741
2367	8819937	2353969
2368	8823509	2350204
2369	8827082	2346439
2370	8830580	2342654
2371	8834209	2338905
2372	8837709	2335121
2373	8841313	2331365
2374	8844857	2327594
2375	8848404	2323823
2376	8851858	2320028
2377	8855405	2316258
2378	8858912	2312477
2379	8862427	2308699
2380	8866086	2304959
2381	8869580	2301175
2382	8873272	2297444
2383	8876837	2293679
2384	8880389	2289911
2385	8883987	2286156
2386	8887443	2282364
2387	8891128	2278630
2388	8894605	2274844
2389	8898125	2271069
2390	8901669	2267301
2391	8905278	2263548
2392	8908852	2259788
2393	8912415	2256024
2394	8916048	2252279
2395	8919535	2248497
2396	8923083	2244730
2397	8926642	2240966
2398	8930242	2237213
2399	8933818	2233454
2400	8937470	2229714
2401	8941100	2225969
2402	8944612	2222194
2403	8948215	2218442
2404	8951761	2214677
2405	8955227	2210891
2406	8958790	2207130
2407	8962375	2203374
2408	8965870	2199597
2409	8969512	2195855
2410	8972914	2192055
2411	8976561	2188316
2412	8980027	2184532
2413	8983628	2180781
2414	8987119	2177004
2415	8990827	2173279
2416	8994435	2169530
2417	8997840	2165733
2418	9001435	2161981
2419	9005073	2158240
2420	9008548	2154460
2421	9012238	2150732
2422	9015755	2146962
2423	9019348	2143211
2424	9022780	2139422
2425	9026457	2135691
2426	9029980	2131923
2427	9033471	2128149
2428	9037113	2124410
2429	9040819	2120685
2430	9044356	2116922
2431	9047800	2113137
2432	9051323	2109371
2433	9054826	2105600
2434	9058452	2101858
2435	9061944	2098085
2436	9065454	2094317
2437	9068977	2090551
2438	9072686	2086829
2439	9076146	2083049
2440	9079696	2079291
2441	9083244	2075532
2442	9086905	2071799
2443	9090548	2068062
2444	9094209	2064329
2445	9097744	2060568
2446	9101302	2056812
2447	9104763	2053034
2448	9108399	2049296
2449	9111808	2045508
2450	9115243	2041725
2451	9118893	2037990
2452	9122382	2034220
2453	9125856	2030447
2454	9129375	2026684
2455	9132953	2022934
2456	9136456	2019168
2457	9139982	2015407
2458	9143568	2011659
2459	9147163	2007914
2460	9150650	2004144
2461	9154276	2000406
2462	9157799	1996645
2463	9161432	1992909
2464	9164991	1989156
2465	9168581	1985410
2466	9172086	1981646
2467	9175423	1977846
2468	9179093	1974118
2469	9182802	1970398
2470	9186299	1966633
2471	9189840	1962878
2472	9193360	1959118
2473	9196966	1955377
2474	9200491	1951619
2475	9204089	1947876
2476	9207560	1944107
2477	9211089	1940350
2478	9214693	1936609
2479	9218303	1932870
2480	9221880	1929123
2481	9225502	1925386
2482	9229074	1921639
2483	9232587	1917880
2484	9236089	1914119
2485	9239593	1910358
2486	9243084	1906595
2487	9246650	1902847
2488	9250110	1899078
2489	9253617	1895319
2490	9257199	1891575
2491	9260757	1887826
2492	9264336	1884082
2493	9267845	1880324
2494	9271437	1876583
2495	9274990	1872834
2496	9278627	1869102
2497	9282071	1865332
2498	9285642	1861587
2499	9289197	1857839
2500	9292694	1854080
2501	9296228	1850328
2502	9299636	1846551
2503	9303280	1842822
2504	9306729	1839054
2505	9310355	1835321
2506	9314001	1831592
2507	9317549	1827844
2508	9321122	1824101
2509	9324622	1820344
2510	9328116	1816586
2511	9331719	1812850
2512	9335359	1809120
2513	9338908	1805373
2514	9342476	1801630
2515	9346038	1797886
2516	9349595	1794141
2517	9353169	1790400
2518	9356653	1786641
2519	9360234	1782901
2520	9363692	1779138
2521	9367342	1775412
2522	9370855	1771659
2523	9374487	1767930
2524	9378052	1764188
2525	9381701	1760461
2526	9385228	1756712
2527	9388724	1752958
2528	9392338	1749225
2529	9395841	1745472
2530	9399389	1741728
2531	9402921	1737980
2532	9406441	1734231
2533	9409987	1730487
2534	9413455	1726728
2535	9417083	1722999
2536	9420613	1719252
2537	9424128	1715503
2538	9427706	1711765
2539	9431192	1708011
2540	9434601	1704243
2541	9438198	1700509
2542	9441625	1696745
2543	9445259	1693018
2544	9448797	1689274
2545	9452426	1685546
2546	9455966	1681803
2547	9459443	1678048
2548	9463044	1674316
2549	9466569	1670571
2550	9470082	1666823
2551	9473495	1663058
2552	9477147	1659336
2553	9480624	1655582
2554	9484277	1651860
2555	9487650	1648089
2556	9491272	1644362
2557	9494678	1640597
2558	9498300	1636870
2559	9501774	1633117
2560	9505308	1629375
2561	9508868	1625637
2562	9512421	1621899
2563	9515990	1618163
2564	9519517	1614421
2565	9523110	1610689
2566	9526653	1606950
2567	9530179	1603207
2568	9533829	1599486
2569	9537333	1595740
2570	9540948	1592013
2571	9544444	1588266
2572	9548179	1584559
2573	9551734	1580823
2574	9555417	1577107
2575	9558798	1573342
2576	9562427	1569618
2577	9566061	1565895
2578	9569458	1562133
2579	9573117	1558414
2580	9576588	1554665
2581	9580165	1550933
2582	9583654	1547187
2583	9587280	1543463
2584	9590813	1539724
2585	9594311	1535980
2586	9597722	1532222
2587	9601276	1528487
2588	9604800	1524748
2589	9608342	1521011
2590	9611921	1517281
2591	9615364	1513529
2592	9618964	1509802
2593	9622513	1506068
2594	9626147	1502346
2595	9629670	1498608
2596	9633193	1494869
2597	9636836	1491150
2598	9640293	1487401
2599	9644014	1483694
2600	9647539	1479956
2601	9651251	1476248
2602	9654619	1472487
2603	9658276	1468770
2604	9661876	1465044
2605	9665393	1461306
2606	9668969	1457577
2607	9672451	1453834
2608	9676125	1450120
2609	9679659	1446385
2610	9683216	1442654
2611	9686817	1438929
2612	9690420	1435205
2613	9693928	1431467
2614	9697449	1427731
2615	9700989	1423998
2616	9704490	1420259
2617	9708162	1416546
2618	9711605	1412799
2619	9715066	1409055
2620	9718659	1405330
2621	9722271	1401608
2622	9725732	1397865
2623	9729232	1394127
2624	9732791	1390398
2625	9736199	1386648
2626	9739892	1382938
2627	9743472	1379213
2628	9747069	1375489
2629	9750530	1371747
2630	9754216	1368037
2631	9757767	1364307
2632	9761357	1360584
2633	9764953	1356861
2634	9768488	1353130
2635	9772025	1349399
2636	9775689	1345686
2637	9779285	1341964
2638	9782872	1338240
2639	9786339	1334500
2640	9789865	1330769
2641	9793430	1327043
2642	9796908	1323305
2643	9800446	1319576
2644	9804060	1315856
2645	9807534	1312119
2646	9811105	1308394
2647	9814624	1304663
2648	9818208	1300940
2649	9821773	1297215
2650	9825251	1293478
2651	9828849	1289758
2652	9832347	1286025
2653	9835986	1282310
2654	9839536	1278583
2655	9843143	1274864
2656	9846673	1271136
2657	9850151	1267401
2658	9853782	1263685
2659	9857352	1259962
2660	9860901	1256236
2661	9864461	1252512
2662	9867975	1248782
2663	9871589	1245065
2664	9875235	1241352
2665	9878797	1237628
2666	9882262	1233893
2667	9885824	1230170
2668	9889369	1226444
2669	9892975	1222727
2670	9896435	1218991
2671	9900079	1215279
2672	9903683	1211561
2673	9907114	1207823
2674	9910699	1204103
2675	9914183	1200372
2676	9917626	1196635
2677	9921225	1192918
2678	9924740	1189190
2679	9928307	1185469
2680	9931835	1181744
2681	9935346	1178016
2682	9938886	1174292
2683	9942331	1170557
2684	9945858	1166832
2685	9949390	1163108
2686	9953067	1159400
2687	9956602	1155677
2688	9960175	1151957
2689	9963773	1148241
2690	9967512	1144541
2691	9970963	1140808
2692	9974572	1137093
2693	9978108	1133370
2694	9981641	1129647
2695	9985200	1125927
2696	9988778	1122209
2697	9992314	1118487
2698	9995896	1114770
2699	9999364	1111040
2700	10003007	1107330
2701	10006471	1103600
2702	10010094	1099888
2703	10013580	1096161
2704	10017168	1092445
2705	10020754	1088729
2706	10024337	1085013
2707	10027834	1081287
2708	10031439	1077574
2709	10035087	1073865
2710	10038639	1070146
2711	10042336	1066442
2712	10045880	1062723
2713	10049432	1059004
2714	10053072	1055294
2715	10056654	1051579
2716	10060240	1047864
2717	10063838	1044150
2718	10067316	1040425
2719	10070982	1036718
2720	10074565	1033003
2721	10078130	1029287
2722	10081641	1025565
2723	10085324	1021861
2724	10088881	1018144
2725	10092510	1014434
2726	10096125	1010723
2727	10099672	1007005
2728	10103226	1003288
2729	10106837	999577
2730	10110322	995853
2731	10113840	992133
2732	10117388	988416
2733	10120944	984700
2734	10124514	980985
2735	10128044	977267
2736	10131563	973548
2737	10135111	969831
2738	10138615	966111
2739	10142188	962397
2740	10145720	958679
2741	10149269	954964
2742	10152892	951255
2743	10156462	947541
2744	10159959	943821
2745	10163597	940114
2746	10167067	936391
2747	10170737	932687
2748	10174232	928967
2749	10177888	925262
2750	10181462	921550
2751	10185007	917834
2752	10188493	914114
2753	10192038	910399
2754	10195627	906689
2755	10199065	902965
2756	10202733	899261
2757	10206240	895543
2758	10209792	891830
2759	10213403	888122
2760	10216933	884406
2761	10220580	880701
2762	10224152	876990
2763	10227700	873276
2764	10231282	869566
2765	10234798	865850
2766	10238375	862140
2767	10241994	858433
2768	10245494	854716
2769	10249185	851015
2770	10252673	847297
2771	10256124	843577
2772	10259635	839861
2773	10263212	836152
2774	10266928	832453
2775	10270473	828741
2776	10273998	825027
2777	10277562	821317
2778	10281169	817610
2779	10284665	813894
2780	10288263	810186
2781	10291765	806471
2782	10295303	802759
2783	10298853	799049
2784	10302376	795336
2785	10305947	791627
2786	10309462	787913
2787	10312984	784201
2788	10316539	780491
2789	10320057	776778
2790	10323597	773067
2791	10327137	769356
2792	10330683	765646
2793	10334359	761946
2794	10337934	758238
2795	10341452	754526
2796	10344953	750813
2797	10348540	747106
2798	10352057	743395
2799	10355591	739685
2800	10359234	735982
2801	10362677	732266
2802	10366308	728563
2803	10369826	724852
2804	10373391	721144
2805	10376983	717439
2806	10380611	713736
2807	10384102	710024
2808	10387649	706315
2809	10391242	702610
2810	10394843	698906
2811	10398416	695199
2812	10402046	691497
2813	10405506	687783
2814	10409122	684080
2815	10412806	680382
2816	10416311	676671
2817	10419802	672960
2818	10423318	669251
2819	10426890	665546
2820	10430428	661838
2821	10433923	658128
2822	10437542	654426
2823	10441170	650724
2824	10444715	647017
2825	10448315	643314
2826	10451643	639594
2827	10455264	635893
2828	10458778	632184
2829	10462298	628477
2830	10465801	624768
2831	10469372	621064
2832	10472870	617355
2833	10476493	613654
2834	10480006	609947
2835	10483520	606240
2836	10487097	602536
2837	10490655	598832
2838	10494124	595122
2839	10497538	591410
2840	10501230	587714
2841	10504762	584008
2842	10508319	580304
2843	10511799	576596
2844	10515384	572894
2845	10518853	569186
2846	10522424	565483
2847	10525968	561779
2848	10529467	558072
2849	10533005	554368
2850	10536545	550664
2851	10540216	546967
2852	10543699	543261
2853	10547238	539557
2854	10550657	535847
2855	10554361	532152
2856	10557961	528452
2857	10561447	524746
2858	10564941	521041
2859	10568627	517345
2860	10572164	513642
2861	10575666	509937
2862	10579314	506240
2863	10582777	502534
2864	10586337	498832
2865	10589924	495132
2866	10593537	491433
2867	10596998	487727
2868	10600685	484032
2869	10604200	480329
2870	10607832	476631
2871	10611378	472930
2872	10615069	469235
2873	10618523	465530
2874	10622096	461830
2875	10625637	458129
2876	10629205	454429
2877	10632716	450726
2878	10636326	447028
2879	10639902	443329
2880	10643331	439623
2881	10646952	435926
2882	10650460	432224
2883	10654145	428530
2884	10657777	424833
2885	10661221	421129
2886	10664892	417434
2887	10668498	413736
2888	10671960	410033
2889	10675499	406333
2890	10679066	402635
2891	10682728	398940
2892	10686238	395239
2893	10689907	391544
2894	10693403	387843
2895	10696941	384144
2896	10700393	380442
2897	10704038	376746
2898	10707537	373046
2899	10711029	369345
2900	10714549	365646
2901	10718117	361948
2902	10721564	358247
2903	10725154	354550
2904	10728751	350854
2905	10732280	347155
2906	10735856	343458
2907	10739397	339760
2908	10742981	336064
2909	10746513	332366
2910	10749959	328665
2911	10753549	324969
2912	10756981	321269
2913	10760636	317575
2914	10764120	313876
2915	10767638	310178
2916	10771115	306480
2917	10774700	302784
2918	10778224	299087
2919	10781789	295391
2920	10785315	291694
2921	10788993	288001
2922	10792404	284302
2923	10796033	280608
2924	10799558	276911
2925	10803109	273216
2926	10806488	269516
2927	10810136	265823
2928	10813627	262126
2929	10817289	258433
2930	10820770	254736
2931	10824284	251040
2932	10827923	247347
2933	10831425	243651
2934	10835020	239957
2935	10838614	236264
2936	10842054	232567
2937	10845622	228872
2938	10849103	225177
2939	10852735	221484
2940	10856154	217787
2941	10859784	214094
2942	10863368	210401
2943	10866898	206707
2944	10870470	203013
2945	10874085	199321
2946	10877652	195627
2947	10881118	191932
2948	10884582	188237
2949	10888225	184546
2950	10891817	180853
2951	10895278	177158
2952	10898903	173467
2953	10902329	169772
2954	10905941	166080
2955	10909510	162387
2956	10913038	158694
2957	10916503	155001
2958	10920138	151309
2959	10923630	147616
2960	10927193	143924
2961	10930727	140232
2962	10934328	136540
2963	10937854	132848
2964	10941378	129156
2965	10944863	125463
2966	10948382	121771
2967	10951992	118080
2968	10955534	114389
2969	10959014	110697
2970	10962628	107006
2971	10966156	103315
2972	10969681	99623
2973	10973173	95932
2974	10976738	92241
2975	10980215	88550
2976	10983790	84859
2977	10987376	81169
2978	10991010	77479
2979	10994425	73788
2980	10998054	70098
2981	11001550	66407
2982	11005285	62718
2983	11008837	59028
2984	11012384	55338
2985	11015849	51648
2986	11019389	47958
2987	11022970	44268
2988	11026482	40579
2989	11030063	36889
2990	11033706	33200
2991	11037302	29511
2992	11040825	25822
2993	11044353	22132
2994	11047986	18444
2995	11051573	14755
2996	11055185	11066
2997	11058797	7377
2998	11062365	3688
2999	11065856	0
